rank,gid,role,priority_score,why,secondary_role,is_seed,depth,cluster_id,seed_in_kzt,seed_sources,money_score,sources_score,role_part,patterns
1,100000004015047100,consolidator,0.751981281,"Сбор: 9 плательщиков, 18 переводов, 919 тыс. ₸ → 1 получатель; отдал 8%; денег seed ≈599 тыс. ₸ от 4 seed. Также признаки: конечный получатель. Приоритет 0,75 = 0,50×0,69 (деньги seed) + 0,20×1,00 (разные seed) + 0,30×0,69 (роль). Гипотеза для проверки.",terminal,False,1,7,598884.000000000,4,0.692790902,1.000000000,0.685286100,return_flow;stable_route
2,100000003115284100,consolidator,0.722852657,"Сбор: 8 плательщиков, 15 переводов, 2,2 млн ₸ → 2 получателя; отдал 24%; денег seed ≈815 тыс. ₸ от 3 seed. Приоритет 0,72 = 0,50×0,74 (деньги seed) + 0,20×0,67 (разные seed) + 0,30×0,74 (роль). Гипотеза для проверки.",,False,1,12,815000.000000000,3,0.737395868,0.666666667,0.736071300,sync_inflow;return_flow
3,100000003684369100,coordinator,0.708532374,"Координация: деньги 3 других seed (≈513 тыс. ₸); 24 плательщика → 62 получателя; дальше ушло 100% денег seed. Seed: вход неполон. Также признаки: веер. Приоритет 0,71 = 0,50×0,67 (деньги seed) + 0,20×0,67 (разные seed) + 0,30×0,80 (роль). Уже в списке seed. Гипотеза для проверки.",distributor,True,0,3,513055.384849617,3,0.670398082,0.666666667,0.800000000,seed;fast_transit;sync_inflow;return_flow;stable_route;late_inflow
4,100000001732159100,coordinator,0.689876685,"Координация: деньги 2 других seed (≈2,4 млн ₸); 2 плательщика → 4 получателя; дальше ушло 63% денег seed. Seed: вход неполон. Приоритет 0,69 = 0,50×0,89 (деньги seed) + 0,20×0,33 (разные seed) + 0,30×0,59 (роль). Уже в списке seed. Гипотеза для проверки.",,True,0,10,2378100.000000000,2,0.892420036,0.333333333,0.590000000,seed;split;return_flow;stable_route
5,100000005382566100,consolidator,0.685067279,"Сбор: 7 плательщиков, 11 переводов, 393 тыс. ₸ → 1 получатель; денег seed ≈335 тыс. ₸ от 7 seed. Seed: вход неполон. Приоритет 0,69 = 0,50×0,61 (деньги seed) + 0,20×1,00 (разные seed) + 0,30×0,60 (роль). Уже в списке seed. Гипотеза для проверки.",,True,0,20,335066.000000000,7,0.608720119,1.000000000,0.602357400,seed;return_flow
6,100000007908818100,coordinator,0.658079886,"Координация: деньги 3 seed (≈438 тыс. ₸); 4 плательщика → 6 получателей; дальше ушло 5% денег seed. Также признаки: веер. Приоритет 0,66 = 0,50×0,65 (деньги seed) + 0,20×0,67 (разные seed) + 0,30×0,67 (роль). Гипотеза для проверки.",distributor,False,1,4,437975.000000000,3,0.647493106,0.666666667,0.670000000,external_funding
7,100000001072022100,consolidator,0.638143619,"Сбор: 3 плательщика, 6 переводов, 1,7 млн ₸ → 0 получателей; отдал 0%; денег seed ≈740 тыс. ₸ от 3 seed. Также признаки: конечный получатель. Приоритет 0,64 = 0,50×0,72 (деньги seed) + 0,20×0,67 (разные seed) + 0,30×0,48 (роль). Гипотеза для проверки.",terminal,False,1,3,740000.000000000,3,0.723420572,0.666666667,0.477000000,late_inflow
8,100000006972210100,consolidator,0.605423163,"Сбор: 3 плательщика, 4 перевода, 489 тыс. ₸ → 0 получателей; отдал 0%; денег seed ≈489 тыс. ₸ от 3 seed. Также признаки: конечный получатель. Приоритет 0,61 = 0,50×0,66 (деньги seed) + 0,20×0,67 (разные seed) + 0,30×0,47 (роль). Гипотеза для проверки.",terminal,False,1,9,488775.000000000,3,0.663379660,0.666666667,0.468000000,late_inflow
9,100000002894076100,consolidator,0.593528607,"Сбор: 4 плательщика, 6 переводов, 1,1 млн ₸ → 0 получателей; отдал 0%; денег seed ≈822 тыс. ₸ от 2 seed. Также признаки: конечный получатель. Приоритет 0,59 = 0,50×0,74 (деньги seed) + 0,20×0,33 (разные seed) + 0,30×0,53 (роль). Гипотеза для проверки.",terminal,False,1,7,821782.000000000,2,0.738595540,0.333333333,0.525213900,sync_inflow
10,100000008637537100,coordinator,0.593353426,"Координация: деньги 2 других seed (≈614 тыс. ₸); 3 плательщика → 3 получателя; дальше ушло 89% денег seed. Seed: вход неполон. Приоритет 0,59 = 0,50×0,70 (деньги seed) + 0,20×0,33 (разные seed) + 0,30×0,59 (роль). Уже в списке seed. Гипотеза для проверки.",,True,0,10,613890.000000000,2,0.696373518,0.333333333,0.595000000,seed;fast_transit;split;return_flow;stable_route
11,100000004019124100,consolidator,0.589133780,"Сбор: 3 плательщика, 3 перевода, 193 тыс. ₸ → 0 получателей; денег seed ≈158 тыс. ₸ от 4 seed. Seed: вход неполон. Приоритет 0,59 = 0,50×0,50 (деньги seed) + 0,20×1,00 (разные seed) + 0,30×0,46 (роль). Уже в списке seed. Гипотеза для проверки.",,True,0,5,158297.000000000,4,0.500167560,1.000000000,0.463500000,seed
12,100000001530983100,coordinator,0.577133740,"Координация: деньги 2 seed (≈399 тыс. ₸); 4 плательщика → 11 получателей; дальше ушло 100% денег seed. Также признаки: веер. Приоритет 0,58 = 0,50×0,63 (деньги seed) + 0,20×0,33 (разные seed) + 0,30×0,65 (роль). Гипотеза для проверки.",distributor,False,1,5,398815.884067162,2,0.633934148,0.333333333,0.645000000,external_funding;fast_transit;stable_route
13,100000002957306100,terminal,0.576241237,"Конечный получатель: получил 398 тыс. ₸ от 2 плательщиков, отдал 0%; до 24.07 пришло 100%; денег seed ≈398 тыс. ₸ от 3 seed. Приоритет 0,58 = 0,50×0,63 (деньги seed) + 0,20×0,67 (разные seed) + 0,30×0,42 (роль). Гипотеза для проверки.",,False,1,12,398490.000000000,3,0.633815808,0.666666667,0.420000000,
14,100000001411870100,terminal,0.573952689,"Конечный получатель: получил 900 тыс. ₸ от 2 плательщиков, отдал 0%; до 24.07 пришло 100%; денег seed ≈726 тыс. ₸ от 2 seed. Приоритет 0,57 = 0,50×0,72 (деньги seed) + 0,20×0,33 (разные seed) + 0,30×0,49 (роль). Гипотеза для проверки.",,False,1,7,725581.395348837,2,0.720572045,0.333333333,0.490000000,
15,100000006889963100,consolidator,0.561918256,"Сбор: 4 плательщика, 6 переводов, 1,4 млн ₸ → 1 получатель; отдал 31%; денег seed ≈531 тыс. ₸ от 2 seed. Приоритет 0,56 = 0,50×0,68 (деньги seed) + 0,20×0,33 (разные seed) + 0,30×0,53 (роль). Гипотеза для проверки.",,False,1,6,531000.000000000,2,0.675374839,0.333333333,0.525213900,sync_inflow;stable_route
16,100000003404627100,consolidator,0.550961328,"Сбор: 4 плательщика, 5 переводов, 878 тыс. ₸ → 0 получателей; отдал 0%; денег seed ≈465 тыс. ₸ от 2 seed. Также признаки: конечный получатель. Приоритет 0,55 = 0,50×0,66 (деньги seed) + 0,20×0,33 (разные seed) + 0,30×0,52 (роль). Гипотеза для проверки.",terminal,False,1,10,465000.000000000,2,0.656160983,0.333333333,0.520713900,sync_inflow
17,100000001527186100,terminal,0.548043282,"Конечный получатель: получил 678 тыс. ₸ от 1 плательщика, отдал 0%; до 24.07 пришло 100%; денег seed ≈678 тыс. ₸ от 2 seed. Приоритет 0,55 = 0,50×0,71 (деньги seed) + 0,20×0,33 (разные seed) + 0,30×0,42 (роль). Гипотеза для проверки.",,False,1,3,678000.000000000,2,0.710753230,0.333333333,0.420000000,
18,100000008165763100,coordinator,0.541062683,"Координация: деньги 2 seed (≈167 тыс. ₸); 15 плательщиков → 17 получателей; дальше ушло 49% денег seed. Также признаки: веер. Приоритет 0,54 = 0,50×0,51 (деньги seed) + 0,20×0,33 (разные seed) + 0,30×0,73 (роль). Гипотеза для проверки.",distributor,False,1,3,166857.641791045,2,0.507792032,0.333333333,0.735000000,fast_transit;sync_inflow
19,100000004135268100,transit,0.540274881,"Транзит: получил 1,2 млн ₸, отдал 81%; за 0–2 дня ушло 69%; денег seed ≈1,1 млн ₸ от 1 seed. Приоритет 0,54 = 0,50×0,78 (деньги seed) + 0,20×0,00 (разные seed) + 0,30×0,51 (роль). Гипотеза для проверки.",,False,1,52,1064000.000000000,1,0.775990541,0.000000000,0.507598700,fast_transit;return_flow;stable_route
20,100000002939838100,consolidator,0.532017256,"Сбор: 3 плательщика, 3 перевода, 571 тыс. ₸ → 0 получателей; отдал 0%; денег seed ≈181 тыс. ₸ от 3 seed. Также признаки: конечный получатель. Приоритет 0,53 = 0,50×0,52 (деньги seed) + 0,20×0,67 (разные seed) + 0,30×0,46 (роль). Гипотеза для проверки.",terminal,False,1,5,180623.202848851,3,0.519267845,0.666666667,0.463500000,late_inflow
21,100000002838861100,consolidator,0.520323131,"Сбор: 5 плательщиков, 5 переводов, 555 тыс. ₸ → 1 получатель; отдал 2%; денег seed ≈398 тыс. ₸ от 2 seed. Также признаки: конечный получатель. Приоритет 0,52 = 0,50×0,63 (деньги seed) + 0,20×0,33 (разные seed) + 0,30×0,46 (роль). Гипотеза для проверки.",terminal,False,1,9,397500.000000000,2,0.633455710,0.333333333,0.456428700,return_flow
22,100000005074393100,coordinator,0.517432021,"Координация: деньги 2 seed (≈194 тыс. ₸); 4 плательщика → 6 получателей; дальше ушло 47% денег seed. Также признаки: веер. Приоритет 0,52 = 0,50×0,53 (деньги seed) + 0,20×0,33 (разные seed) + 0,30×0,62 (роль). Гипотеза для проверки.",distributor,False,1,13,193893.000000000,2,0.529530709,0.333333333,0.620000000,external_funding;return_flow
23,100000001567366100,terminal,0.516499017,"Конечный получатель: получил 824 тыс. ₸ от 1 плательщика, отдал 0%; до 24.07 пришло 100%; денег seed ≈824 тыс. ₸ от 1 seed. Приоритет 0,52 = 0,50×0,74 (деньги seed) + 0,20×0,00 (разные seed) + 0,30×0,49 (роль). Гипотеза для проверки.",,False,1,5,824070.000000000,1,0.738998033,0.000000000,0.490000000,
24,100000007777377100,terminal,0.513727115,"Конечный получатель: получил 456 тыс. ₸ от 1 плательщика, отдал 2%; до 24.07 пришло 100%; денег seed ≈273 тыс. ₸ от 2 seed. Приоритет 0,51 = 0,50×0,58 (деньги seed) + 0,20×0,33 (разные seed) + 0,30×0,52 (роль). Гипотеза для проверки.",,False,2,5,273106.913873821,2,0.579120897,0.333333333,0.525000000,
25,100000005183943100,terminal,0.511797665,"Конечный получатель: получил 681 тыс. ₸ от 1 плательщика, отдал 0%; до 24.07 пришло 96%; денег seed ≈681 тыс. ₸ от 1 seed. Приоритет 0,51 = 0,50×0,71 (деньги seed) + 0,20×0,00 (разные seed) + 0,30×0,52 (роль). Гипотеза для проверки.",,False,1,42,680900.000000000,1,0.711371110,0.000000000,0.520373700,
26,100000006518161100,transit,0.500787202,"Транзит: получил 594 тыс. ₸, отдал 100%; за 0–2 дня ушло 50%; денег seed ≈535 тыс. ₸ от 1 seed. Приоритет 0,50 = 0,50×0,68 (деньги seed) + 0,20×0,00 (разные seed) + 0,30×0,54 (роль). Гипотеза для проверки.",,False,1,5,534940.886894069,1,0.676445263,0.000000000,0.541881900,fast_transit;return_flow;stable_route
27,100000001929088100,terminal,0.494326721,"Конечный получатель: получил 396 тыс. ₸ от 2 плательщиков, отдал 0%; до 24.07 пришло 53%; денег seed ≈396 тыс. ₸ от 2 seed. Приоритет 0,49 = 0,50×0,63 (деньги seed) + 0,20×0,33 (разные seed) + 0,30×0,37 (роль). Гипотеза для проверки.",,False,1,7,396010.000000000,2,0.632912049,0.333333333,0.370680100,late_inflow
28,100000007939160100,terminal,0.492899521,"Конечный получатель: получил 795 тыс. ₸ от 1 плательщика, отдал 2%; до 24.07 пришло 100%; денег seed ≈795 тыс. ₸ от 1 seed. Приоритет 0,49 = 0,50×0,73 (деньги seed) + 0,20×0,00 (разные seed) + 0,30×0,42 (роль). Гипотеза для проверки.",,False,1,42,795000.000000000,1,0.733799041,0.000000000,0.420000000,return_flow
29,100000008723830100,transit,0.492594351,"Транзит: получил 460 тыс. ₸, отдал 99%; за 0–2 дня ушло 99%; денег seed ≈454 тыс. ₸ от 1 seed. Приоритет 0,49 = 0,50×0,65 (деньги seed) + 0,20×0,00 (разные seed) + 0,30×0,55 (роль). Гипотеза для проверки.",,False,1,5,454000.000000000,1,0.652695283,0.000000000,0.554155700,fast_transit
30,100000005778283100,consolidator,0.492224145,"Сбор: 3 плательщика, 3 перевода, 616 тыс. ₸ → 0 получателей; отдал 0%; денег seed ≈346 тыс. ₸ от 2 seed. Также признаки: конечный получатель. Приоритет 0,49 = 0,50×0,61 (деньги seed) + 0,20×0,33 (разные seed) + 0,30×0,40 (роль). Гипотеза для проверки.",terminal,False,1,7,346349.748372381,2,0.613514957,0.333333333,0.396000000,
